City,Cloudiness,Country,Date,Humidity,Lat,Lng,Max Temp,Wind Speed
Breves,100,BR,1584051065,96,-1.68,-50.48,77.05,0.29
Vila Velha,75,BR,1584051070,88,-20.33,-40.29,78.01,9.17
Mahébourg,75,MU,1584051075,94,-20.41,57.7,79.0,3.36
Bredasdorp,0,ZA,1584051245,88,-34.53,20.04,66.2,1.12
Mataura,10,NZ,1584051356,89,-46.19,168.86,49.33,0.25
Kapaa,90,US,1584051357,73,22.08,-159.32,75.2,5.82
Hong Kong,20,HK,1584051258,88,22.29,114.16,73.0,10.29
Porbandar,0,IN,1584051359,57,21.64,69.61,73.45,14.0
Arraial do Cabo,40,BR,1584051360,78,-22.97,-42.03,78.8,12.75
Albany,90,US,1584050813,49,42.6,-73.97,48.99,16.11
Inuvik,20,CA,1584051362,57,68.35,-133.72,-11.2,5.08
Husavik,90,IS,1584051364,85,66.04,-17.34,21.2,19.46
Bethel,90,US,1584051365,81,41.37,-73.41,48.2,12.75
Yeppoon,48,AU,1584051138,64,-23.13,150.73,73.4,10.29
Cape Town,40,ZA,1584051045,93,-33.93,18.42,64.0,1.12
Deep River,1,CA,1584051368,51,46.1,-77.5,41.0,6.93
Jamestown,40,US,1584051149,47,42.1,-79.24,57.99,9.17
Hobart,75,AU,1584051371,56,-42.88,147.33,68.0,9.17
Avarua,17,CK,1584051372,88,-21.21,-159.78,78.8,8.05
Gari,100,RU,1584051373,87,59.43,62.35,39.97,14.79
Tuktoyaktuk,20,CA,1584051374,67,69.45,-133.04,-27.4,8.05
George Town,20,MY,1584051285,88,5.41,100.34,80.6,5.82
Ponferrada,80,ES,1584051376,99,42.55,-6.6,50.0,1.01
Thompson,90,CA,1584051378,61,55.74,-97.86,15.8,14.99
Busselton,3,AU,1584051325,47,-33.65,115.33,64.0,15.3
Elban,100,RU,1584051381,94,50.1,136.51,12.79,10.6
Philadelphia,90,US,1584051199,76,39.95,-75.16,57.99,6.93
Copiapó,0,CL,1584051384,60,-27.37,-70.33,71.6,9.17
Pangkalanbuun,66,ID,1584051385,91,-2.68,111.62,75.79,1.19
Constitución,73,CL,1584051315,77,-35.33,-72.42,64.09,6.17
Saint George,1,US,1584051346,42,37.1,-113.58,68.0,3.36
Rikitea,0,PF,1584051388,76,-23.12,-134.97,77.95,19.3
Ixtapa,90,MX,1584051385,74,20.7,-105.2,79.0,8.05
Qaanaaq,0,GL,1584051305,44,77.48,-69.36,-19.07,4.18
Ushuaia,75,AR,1584051114,71,-54.8,-68.3,55.4,3.51
Kargopol',100,RU,1584051393,94,61.51,38.95,34.39,10.98
Broken Hill,1,AU,1584051394,47,-31.95,141.43,75.2,11.41
Esperance,75,AU,1584051396,93,-33.87,121.9,60.8,3.36
Khatanga,22,RU,1584051315,87,71.97,102.5,-26.27,10.74
Naze,75,JP,1584051398,82,28.37,129.48,60.8,6.93
Margate,0,GB,1584051399,69,51.38,1.39,45.0,24.16
Hithadhoo,0,MV,1584051400,69,-0.6,73.08,82.81,11.27
New Norfolk,75,AU,1584051331,56,-42.78,147.06,68.0,9.17
Corralillo,0,CU,1584051402,72,22.98,-80.59,75.97,16.89
Wonthaggi,28,AU,1584051403,46,-38.6,145.59,73.99,10.96
Dubti,54,ET,1584051365,48,11.74,41.09,74.35,2.84
Oudtshoorn,56,ZA,1584051405,93,-33.59,22.2,64.4,5.82
Mindszent,0,HU,1584051406,66,46.52,20.19,55.4,6.93
Ilulissat,90,GL,1584051407,71,69.22,-51.1,6.8,4.7
Cockburn Town,40,TC,1584051408,73,21.46,-71.14,77.0,9.17
Alta Floresta,99,BR,1584051410,91,-9.88,-56.09,80.47,2.01
Kavieng,78,PG,1584051411,73,-2.57,150.8,83.89,9.8
Ottawa,40,CA,1584051410,59,45.41,-75.7,37.99,12.75
Khudumelapye,96,BW,1584051413,31,-23.88,24.75,78.13,6.13
Cherskiy,100,RU,1584051414,94,68.75,161.3,-5.03,8.86
Punta Arenas,90,CL,1584051415,87,-53.15,-70.92,53.01,8.05
Almaznyy,21,RU,1584051416,87,48.04,40.05,42.8,13.42
Barrow,90,US,1584051417,77,71.29,-156.79,6.8,23.04
Vaini,75,TO,1584051419,88,-21.2,-175.2,80.6,6.93
Carutapera,63,BR,1584051420,73,-1.2,-46.02,82.63,8.9
Lethem,60,GY,1584051421,25,3.38,-59.8,100.99,4.61
Camaná,31,PE,1584051423,66,-16.62,-72.71,72.37,10.31
Hilo,1,US,1584051395,54,19.73,-155.09,82.4,16.11
Atuona,34,PF,1584051425,74,-9.8,-139.03,82.27,10.36
Cabo San Lucas,40,MX,1584051268,61,22.89,-109.91,81.0,6.93
Souillac,75,MU,1584051428,94,-20.52,57.52,79.0,4.27
Mar del Plata,45,AR,1584051158,78,-38.0,-57.56,73.4,9.17
Koslan,100,RU,1584051431,97,63.46,48.9,33.31,10.29
Hofn,100,IS,1584051432,70,64.25,-15.21,29.53,19.1
Santa Lucía,20,ES,1584051433,82,27.91,-15.54,66.99,17.22
Unión Hidalgo,0,MX,1584051434,38,16.47,-94.83,92.17,12.5
Taltal,0,CL,1584051435,71,-25.4,-70.48,68.05,7.94
São José da Coroa Grande,7,BR,1584051436,75,-8.9,-35.15,82.45,16.84
Poya,0,NC,1584051437,78,-21.35,165.15,80.47,4.47
Hermanus,3,ZA,1584051297,95,-34.42,19.23,60.01,4.43
Mabaruma,58,GY,1584051368,58,8.2,-59.78,84.07,6.02
Tilichiki,100,RU,1584051440,86,60.47,166.1,26.29,18.86
Nome,90,US,1584051184,79,64.5,-165.41,25.0,16.11
Caldwell,1,US,1584051442,25,43.66,-116.69,55.4,6.93
Tuatapere,2,NZ,1584051443,74,-46.13,167.68,50.59,0.67
Huarmey,8,PE,1584051444,45,-10.07,-78.15,83.17,10.8
Isangel,75,VU,1584051445,74,-19.55,169.27,84.2,3.36
Provideniya,90,RU,1584051343,95,64.38,-173.3,32.0,31.32
Bluff,8,NZ,1584051322,83,-46.6,168.33,49.69,4.7
Saint-Augustin,21,CA,1584051449,91,51.23,-58.65,16.75,10.02
Cheney,75,US,1584051208,35,47.49,-117.58,48.0,8.05
Honchō,75,JP,1584051451,75,41.88,140.68,46.4,27.51
Nanortalik,0,GL,1584051452,76,60.14,-45.24,23.77,12.73
Hasaki,75,JP,1584051453,93,35.73,140.83,43.0,1.12
Chicama,40,PE,1584051425,74,-7.84,-79.15,78.8,8.05
Hołoby,77,UA,1584051455,72,51.09,25.01,45.73,23.78
Chui,100,UY,1584051456,70,-33.7,-53.46,79.03,12.88
Oodweyne,60,SO,1584051457,57,9.41,45.06,64.63,3.29
Porteirinha,100,BR,1584051459,90,-15.74,-43.03,72.91,5.41
Gornyy,98,RU,1584051271,94,55.12,83.91,23.23,15.01
Taikang,0,CN,1584051461,75,46.83,124.42,-2.33,9.48
Butaritari,32,KI,1584051463,78,3.07,172.79,82.45,9.53
Cidreira,46,BR,1584051464,81,-30.18,-50.21,77.05,12.8
East London,100,ZA,1584051465,84,-33.02,27.91,74.53,17.0
Merauke,94,ID,1584051466,94,-8.47,140.33,75.61,6.71
Zhangye,0,CN,1584051468,78,38.93,100.45,25.39,5.06
Magadan,100,RU,1584051469,93,59.57,150.8,0.55,4.03
Port Blair,100,IN,1584051470,88,11.67,92.75,73.4,3.6
Lavrentiya,100,RU,1584051471,87,65.58,-171.0,28.63,40.71
Athabasca,100,CA,1584051472,83,54.72,-113.29,20.17,12.71
Deputatsky,0,RU,1584051473,84,69.3,139.9,-28.61,1.3
Batagay,0,RU,1584051474,96,67.63,134.63,-26.81,2.66
Quelimane,20,MZ,1584051475,88,-17.88,36.89,80.6,3.36
Yellowknife,90,CA,1584051252,69,62.46,-114.35,-5.01,16.11
Saint Anthony,90,US,1584051477,83,45.02,-93.22,42.8,24.16
Saldanha,0,ZA,1584051347,87,-33.01,17.94,59.0,4.7
Lumeje,100,AO,1584051479,88,-11.55,20.78,70.75,1.05
Lebu,100,CL,1584051480,76,-37.62,-73.65,66.07,5.97
Cumberland,1,US,1584051391,36,35.05,-78.87,78.01,6.93
Solnechnyy,100,RU,1584051483,97,50.72,136.63,12.61,1.9
Mergen,0,CN,1584051484,80,49.18,125.22,-5.21,6.96
Port Alfred,100,ZA,1584051485,80,-33.59,26.89,73.63,19.46
Tyukhtet,100,RU,1584051486,91,56.54,89.3,29.53,12.24
Kars,75,TR,1584051487,75,40.6,43.09,46.4,4.7
Leningradskiy,100,RU,1584051489,80,69.38,178.42,16.03,12.35
Narsaq,0,GL,1584051491,57,60.92,-46.05,21.2,5.82
Suclayin,52,PH,1584051492,96,15.76,121.55,63.91,0.56
Kaitangata,3,NZ,1584051494,81,-46.28,169.85,50.95,7.09
Departamento de Maldonado,75,UY,1584051495,83,-34.67,-54.92,75.2,9.17
Owando,63,CG,1584051497,98,-0.48,15.9,71.29,1.43
Aksarka,100,RU,1584051498,98,66.56,67.8,33.13,16.22
Saint Paul Harbor,1,US,1584051499,67,57.79,-152.41,32.0,17.22
Nanyuki,93,KE,1584051500,87,0.02,37.07,60.85,4.0
Labytnangi,100,RU,1584051501,99,66.66,66.42,33.13,12.95
São Gonçalo do Amarante,40,BR,1584051502,88,-3.61,-38.97,78.8,4.7
Mount Isa,0,AU,1584051423,69,-20.73,139.5,75.2,6.93
Krasnosel'kup,100,RU,1584051504,94,65.7,82.47,23.23,20.47
Pudozh,97,RU,1584051505,97,61.81,36.53,32.95,7.99
Ulladulla,0,AU,1584051506,87,-35.35,150.47,60.8,6.93
Longyearbyen,75,SJ,1584051218,69,78.22,15.64,-9.4,11.41
Severo-Kuril'sk,92,RU,1584051510,80,50.68,156.12,19.09,21.14
Coyhaique,75,CL,1584051511,87,-45.58,-72.07,55.4,3.36
Talnakh,32,RU,1584051386,69,69.49,88.4,-7.6,15.66
Port Elizabeth,20,ZA,1584051332,100,-33.92,25.57,66.2,4.7
San Patricio,75,MX,1584051514,74,19.22,-104.7,86.0,11.41
São Miguel do Araguaia,62,BR,1584051515,89,-13.28,-50.16,78.85,4.54
Norman Wells,75,CA,1584051516,64,65.28,-126.83,-2.2,14.99
Upata,79,VE,1584051517,41,8.01,-62.4,87.85,7.25
Oranjestad,40,AW,1584051480,65,12.52,-70.03,82.4,17.22
Tulun,100,RU,1584051519,94,54.56,100.58,25.21,9.37
Mehrān,75,IR,1584051520,53,33.12,46.16,51.8,6.93
Havre-St-Pierre,1,CA,1584051521,62,50.23,-63.6,21.2,18.34
Pyapon,0,MM,1584051424,90,16.28,95.68,67.33,6.06
Zastron,100,ZA,1584051523,86,-30.3,27.08,58.87,9.1
Kahului,75,US,1584051524,73,20.89,-156.47,75.2,4.7
Ribeira Grande,20,PT,1584051525,77,38.52,-28.7,59.0,5.82
Kitimat,40,CA,1584051526,64,54.05,-128.65,35.6,2.17
Chihuahua,90,MX,1584051399,26,28.5,-106.0,80.6,5.82
Vung Tau,25,VN,1584051528,83,10.35,107.08,78.49,14.72
Koindu,0,GN,1584051529,55,8.44,-10.33,80.65,4.16
Batemans Bay,32,AU,1584051530,95,-35.72,150.18,51.01,4.38
Turbat,0,PK,1584051532,28,26.0,63.04,61.93,2.46
Araouane,87,ML,1584051533,8,18.9,-3.53,77.41,8.1
Yashkul',0,RU,1584051534,57,46.17,45.34,48.61,8.55
Paamiut,0,GL,1584051535,80,61.99,-49.67,9.91,7.43
Yurgamysh,100,RU,1584051536,89,55.37,64.47,30.97,15.3
Umm Kaddadah,33,SD,1584051362,9,13.6,26.69,73.45,19.24
Yangi Marg`ilon,0,UZ,1584051538,65,40.43,71.72,44.6,6.93
Thohoyandou,17,ZA,1584051539,92,-22.95,30.48,68.77,0.87
Egvekinot,100,RU,1584051540,98,66.32,-179.17,28.81,19.82
Lafia,59,NG,1584051541,10,8.48,8.52,85.87,5.88
Narasannapeta,0,IN,1584051542,91,18.42,84.05,74.53,2.55
Vostok,96,RU,1584051543,97,46.49,135.88,1.99,9.08
Saint-Philippe,90,RE,1584051319,88,-21.36,55.77,80.6,10.29
Parabel',100,RU,1584051545,97,58.7,81.48,34.57,10.8
Faanui,48,PF,1584051547,71,-16.48,-151.75,83.53,13.15
Cap Malheureux,75,MU,1584051356,94,-19.98,57.61,79.0,10.02
Tasiilaq,0,GL,1584051549,66,65.61,-37.64,14.0,18.34
Mount Darwin,16,ZW,1584051550,96,-16.77,31.58,65.17,3.89
Olinda,75,BR,1584051551,70,-8.01,-34.86,84.2,10.29
Wana,0,PK,1584051553,64,32.3,69.57,27.55,7.29
Grand-Santi,93,GF,1584051554,42,4.25,-54.38,89.83,2.57
La Ronge,75,CA,1584051556,60,55.1,-105.28,10.4,17.22
Waingapu,55,ID,1584051546,72,-9.66,120.26,83.35,4.85
Vänersborg,3,SE,1584051558,75,58.38,12.32,41.0,19.46
Kozhva,100,RU,1584051559,99,65.11,57.05,36.01,11.27
Nikolskoye,90,RU,1584051326,93,59.7,30.79,39.2,8.95
Hīt,100,IQ,1584051561,25,33.64,42.83,73.45,9.73
Chokurdakh,80,RU,1584051562,96,70.63,147.92,-29.69,5.03
Puerto Ayora,20,EC,1584051563,66,-0.74,-90.35,86.0,11.41
Merke,33,KZ,1584051564,88,42.87,73.18,38.35,5.79
Sarangani,27,PH,1584051565,76,5.4,125.46,81.01,17.9
Krasnogvardeyskiy,97,RU,1584051566,83,57.38,62.32,34.93,9.89
Mongo,100,TD,1584051567,12,12.18,18.69,69.85,7.9
Peniche,90,PT,1584051568,82,39.36,-9.38,57.0,12.75
Vardø,90,NO,1584051376,92,70.37,31.11,28.4,28.86
Jiaojiang,81,CN,1584051571,96,28.68,121.44,55.0,5.48
Manta,75,EC,1584051572,66,-0.95,-80.73,87.8,11.41
Yar-Sale,100,RU,1584051573,96,66.83,70.83,32.77,16.67
Dingle,21,PH,1584051575,87,11.0,122.67,72.55,7.4
Saskylakh,100,RU,1584051576,95,71.92,114.08,1.09,13.24
Örebro,92,SE,1584051577,69,59.27,15.21,39.2,14.99
Reshetikha,19,RU,1584051578,76,56.22,43.29,39.99,8.95
Ajdabiya,13,LY,1584051295,74,30.76,20.23,59.95,20.31
Suntar,100,RU,1584051580,91,62.14,117.63,16.03,13.35
Upernavik,100,GL,1584051382,91,72.79,-56.15,-16.55,4.9
Luwuk,97,ID,1584051582,71,-0.95,122.79,81.01,4.85
Acaraú,100,BR,1584051583,89,-2.89,-40.12,77.77,4.61
Fare,85,PF,1584051584,73,-16.7,-151.02,83.53,14.85
Vigevano,75,IT,1584051585,82,45.31,8.86,57.0,3.36
Orlik,82,RU,1584051586,91,52.52,99.83,-1.07,3.36
Ha Giang,44,VN,1584051587,97,22.83,104.98,62.11,1.01
Najrān,0,SA,1584051588,31,17.49,44.13,62.6,1.79
Khovd,0,MN,1584051406,44,48.01,91.64,10.27,1.21
Sinnamary,0,GF,1584051591,73,5.38,-52.95,79.39,13.69
Payo,89,ID,1584051592,97,-3.75,103.64,67.33,2.19
Granville,40,AU,1584051568,100,-33.83,151.02,69.01,4.07
Pachino,0,IT,1584051594,81,36.72,15.09,55.99,4.7
Kautokeino,100,NO,1584051598,92,69.01,23.04,16.21,27.96
Hargeisa,26,SO,1584051599,89,9.56,44.06,61.75,5.06
San Cristobal,40,VE,1584051600,65,7.77,-72.22,82.4,13.87
Vetlanda,40,SE,1584051601,93,57.43,15.08,37.0,13.87
Orange Cove,2,US,1584051414,49,36.62,-119.31,73.4,7.74
Jining,95,CN,1584051603,59,35.41,116.58,45.37,13.31
Torbay,90,CA,1584051563,92,47.67,-52.73,28.99,2.24
Bandiagara,0,ML,1584051606,9,14.35,-3.61,81.55,9.73
Kirakira,100,SB,1584051607,86,-10.45,161.92,78.67,4.99
East Moline,75,US,1584051608,63,41.5,-90.44,60.8,9.17
Kita,0,ML,1584051609,10,13.03,-9.49,83.71,5.99
Hokitika,0,NZ,1584051610,81,-42.72,170.97,57.97,7.74
Emerald,0,AU,1584051611,77,-23.53,148.17,69.8,14.99
Bengkulu,99,ID,1584051613,92,-3.8,102.27,73.09,4.38
Pawai,58,IN,1584051615,48,24.27,80.17,74.53,3.51
Castro,67,BR,1584051616,61,-24.79,-50.01,73.45,1.21
Ryōtsu-minato,0,JP,1584051618,81,38.08,138.43,44.6,5.82
Bloomsburg,90,US,1584051619,54,41.0,-76.45,57.0,9.17
Mahibadhoo,29,MV,1584051620,73,3.78,72.97,82.45,12.35
Roald,75,NO,1584051621,64,62.58,6.13,35.6,21.92
Salalah,20,OM,1584051622,69,17.02,54.09,75.2,3.36
Kununurra,8,AU,1584051623,100,-15.77,128.73,73.4,2.93
Oranjemund,1,NA,1584051397,83,-28.55,16.43,64.45,3.02
Phan Thiet,28,VN,1584051625,85,10.93,108.1,71.47,3.58
Chërnaya Kholunitsa,100,RU,1584051626,92,58.85,51.72,36.19,11.03
Bichena,100,ET,1584051627,47,10.45,38.2,61.39,9.84
Mercedes,0,AR,1584051628,72,-34.65,-59.43,79.0,3.0
Qasigiannguit,90,GL,1584051629,71,68.82,-51.19,6.8,4.7
Carnarvon,90,AU,1584051630,69,-24.87,113.63,78.8,2.24
Kyustendil,2,BG,1584051631,77,42.28,22.69,46.99,2.3
Makokou,100,GA,1584051632,96,0.57,12.86,72.73,1.74
Flinders,1,AU,1584051634,87,-34.58,150.86,70.0,6.93
Khandyga,37,RU,1584051635,98,62.67,135.6,-26.81,2.71
Tortosa,75,ES,1584051347,100,40.81,0.52,55.0,4.7
Ribeira Brava,40,PT,1584051637,72,32.65,-17.07,62.6,13.87
Nur-Sultan,0,KZ,1584051628,78,51.18,71.45,8.6,4.47
Babaeski,0,TR,1584051639,69,41.43,27.09,48.99,8.99
Lincoln,20,US,1584051631,40,40.8,-96.67,54.0,27.51
Marsá Maţrūḩ,100,EG,1584051641,85,31.35,27.25,61.93,38.63
Zhigansk,100,RU,1584051642,94,66.77,123.37,-3.41,20.8
Bilma,0,NE,1584051643,28,18.69,12.92,61.21,11.86
Chapais,90,CA,1584051644,63,49.78,-74.85,26.6,8.05
Zhezkazgan,26,KZ,1584051645,72,47.8,67.71,16.21,2.59
Lorengau,26,PG,1584051646,71,-2.02,147.27,84.25,10.02
Lüderitz,0,NA,1584051647,88,-26.65,15.16,66.2,9.17
Lubango,75,AO,1584051648,88,-14.92,13.49,62.47,1.92
Nybro,20,SE,1584051394,69,56.74,15.91,39.99,24.16
Desaguadero,96,PE,1584051650,56,-16.57,-69.04,54.91,11.59
Luau,100,AO,1584051651,97,-10.71,22.22,67.33,4.14
Saint-Ambroise,40,CA,1584051652,73,48.55,-71.33,26.01,6.93
Beyla,3,GN,1584051653,18,8.68,-8.63,77.95,1.14
Oriximiná,93,BR,1584051655,61,-1.77,-55.87,88.21,2.86
Rome,90,US,1584051364,64,43.21,-75.46,53.01,6.93
Sambava,99,MG,1584051359,93,-14.27,50.17,74.17,2.26
Chimbote,0,PE,1584051659,51,-9.09,-78.58,81.91,10.58
Aklavik,20,CA,1584051660,57,68.22,-135.01,-11.2,6.93
Bosaso,0,SO,1584051661,76,11.28,49.18,77.59,16.33
Peleduy,87,RU,1584051662,84,59.63,112.74,13.15,13.56
Airai,1,TL,1584051663,95,-8.93,125.41,66.43,1.92
Kiryat Gat,40,IL,1584051540,88,31.61,34.76,64.4,17.22
Lillooet,20,CA,1584051665,52,50.69,-121.94,42.8,10.29
Yulara,0,AU,1584051666,30,-25.24,130.99,71.6,5.82
Fernley,1,US,1584051667,18,39.61,-119.25,64.4,8.05
Bambous Virieux,75,MU,1584051379,94,-20.34,57.76,79.0,11.81
Boa Vista,20,BR,1584051670,34,2.82,-60.67,95.0,6.93
Safi,84,MA,1584051671,75,32.3,-9.24,58.51,9.37
Nabire,91,ID,1584051673,91,-3.37,135.48,73.09,2.42
Te Anau,0,NZ,1584051674,79,-45.42,167.72,50.23,0.47
Maltahöhe,0,NA,1584051675,26,-24.83,16.98,68.77,12.59
Lodwar,100,KE,1584051676,36,3.12,35.6,88.57,13.42
Fairbanks,90,US,1584051420,77,64.84,-147.72,8.01,2.71
Swan Hill,0,AU,1584051678,56,-35.34,143.55,67.69,8.25
Manicoré,100,BR,1584051679,70,-5.81,-61.3,87.49,2.13
Mlowo,100,TZ,1584051680,97,-9.0,32.98,62.83,4.76
Jaciara,54,BR,1584051475,84,-15.97,-54.97,81.55,4.54
Kieta,98,PG,1584051682,75,-6.22,155.63,82.81,13.98
Iqaluit,75,CA,1584051683,69,63.75,-68.51,-7.6,2.59
Kaabong,50,UG,1584051684,59,3.48,34.15,73.27,9.82
Codrington,100,AU,1584051685,54,-38.27,141.97,69.31,21.0
Zhoucheng,100,CN,1584051686,36,35.91,116.31,44.65,7.31
Sittwe,0,MM,1584051687,68,20.15,92.9,73.45,4.79
Verāval,0,IN,1584051688,73,20.9,70.37,62.47,8.9
Santa Barbara,75,US,1584051553,82,34.42,-119.7,64.0,9.17
Bambanglipuro,100,ID,1584051691,92,-7.95,110.28,75.97,2.93
Cheţani,5,RO,1584051692,62,46.47,24.03,52.0,4.7
Padang,16,ID,1584051693,96,-0.95,100.35,68.05,3.51
Cosalá,95,MX,1584051694,73,24.41,-106.69,81.0,5.99
Lakhtar,0,IN,1584051695,60,22.85,71.78,62.83,8.25
São Filipe,0,CV,1584051696,58,14.9,-24.5,76.33,7.34
Ordu,75,TR,1584051697,100,40.91,37.68,51.8,3.36
Kastamonu Province,0,TR,1584051698,88,41.5,33.67,41.41,2.71
Klyuchi,0,RU,1584051699,77,52.27,79.17,14.77,8.57
Esik,40,KZ,1584051700,64,43.36,77.45,35.6,6.71
Lompoc,90,US,1584051531,72,34.64,-120.46,70.0,10.29
Kochevo,100,RU,1584051663,93,59.6,54.31,36.01,9.06
Elizabeth City,40,US,1584051626,64,36.29,-76.25,73.99,4.7
Sola,75,VU,1584051704,88,-13.88,167.55,82.4,11.65
Port Hedland,31,AU,1584051705,83,-20.32,118.57,82.4,4.7
Cap-aux-Meules,75,CA,1584051707,67,47.38,-61.86,23.0,8.05
Comodoro Rivadavia,75,AR,1584051674,82,-45.87,-67.5,62.6,7.92
Half Moon Bay,40,US,1584051709,40,37.46,-122.43,77.0,13.87
Rio Negrinho,70,BR,1584051710,91,-26.25,-49.52,77.0,1.99
Portland,1,US,1584051186,50,45.52,-122.68,55.99,4.7
Santa Rosa,20,PH,1584051712,78,14.31,121.11,78.8,3.36
Dikson,100,RU,1584051714,73,73.51,80.55,-4.67,30.33
Alvorada,100,BR,1584051715,86,-12.48,-49.12,76.69,3.0
Huaihua,100,CN,1584051716,94,27.55,109.96,55.45,4.56
Talara,8,PE,1584051718,100,-4.58,-81.27,62.6,17.22
Anadyr,20,RU,1584051720,74,64.75,177.48,37.4,29.08
Geraldton,59,AU,1584051721,78,-28.77,114.6,71.6,8.05
Nieuw Nickerie,13,SR,1584051722,77,5.95,-56.98,79.03,15.77
Sinjai,100,ID,1584051723,73,-5.12,120.25,83.71,5.86
Opuwo,31,NA,1584051724,44,-18.06,13.84,70.21,2.24
Isparta Province,75,TR,1584051725,53,38.0,31.0,51.8,11.41
Puerto Escondido,20,MX,1584051663,84,15.85,-97.07,86.0,13.87
Klaksvík,97,FO,1584051727,65,62.23,-6.59,32.0,1.12
Saint-Pierre,100,RE,1584051688,94,-21.34,55.48,80.6,10.29
Mandiana,43,GN,1584051729,18,10.63,-8.68,82.27,2.19
Kamaishi,0,JP,1584051730,78,39.27,141.88,36.55,8.7
Ostrovnoy,100,RU,1584051664,96,68.05,39.51,23.59,2.77
Lata,90,PT,1584051732,82,40.16,-8.33,55.99,12.75
Kupang,40,ID,1584051474,100,-10.17,123.58,75.2,2.24
Pimentel,0,PE,1584051734,29,-6.84,-79.93,66.2,18.34
Vila Franca do Campo,75,PT,1584051735,87,37.72,-25.43,59.0,6.93
Sorong,64,ID,1584051736,97,-0.88,131.25,74.53,2.93
Lingyuan,0,CN,1584051738,29,41.24,119.4,20.89,3.47
Vao,96,NC,1584051740,77,-22.67,167.48,80.29,6.8
Bezdan,0,RS,1584051741,76,45.85,18.93,50.0,10.29
Compiègne,20,FR,1584051742,76,49.42,2.83,46.4,16.11
Victor Harbor,75,AU,1584051686,82,-35.57,138.62,68.0,18.34
Turaif,90,SA,1584051744,34,31.67,38.66,66.2,27.51
Auki,100,SB,1584051746,81,-8.77,160.7,80.47,17.96
Bulungu,100,CD,1584051747,98,-4.55,18.6,70.57,2.08
Usakos,0,NA,1584051748,40,-22.0,15.6,72.37,2.77
Lake Shasta,1,US,1584051749,12,40.68,-122.37,78.8,20.8
Kashira,20,RU,1584051750,70,54.84,38.17,42.8,17.9
Rodrigues Alves,84,BR,1584051751,74,-7.74,-72.65,85.87,2.13
Ponta Delgada,75,PT,1584051752,87,37.73,-25.67,59.0,6.93
Isla Vista,75,US,1584051753,82,34.41,-119.86,66.0,9.17
Nālūt,0,LY,1584051754,49,30.33,10.85,53.29,8.61
Port Hardy,90,CA,1584051624,69,50.7,-127.42,42.8,10.29
Ancud,20,CL,1584051664,82,-41.87,-73.82,64.4,11.41
Necochea,54,AR,1584051687,87,-38.55,-58.74,80.01,1.99
Wad Medani,0,SD,1584051758,13,14.4,33.52,80.83,19.55
Inírida,51,CO,1584051761,47,3.87,-67.92,93.79,1.92
Nœux-les-Mines,0,FR,1584051762,70,50.48,2.67,45.0,18.34
Beringovskiy,100,RU,1584051764,96,63.05,179.32,34.93,30.31
Walvis Bay,0,NA,1584051665,82,-22.96,14.51,64.4,3.36
Fukuechō,100,JP,1584051766,76,32.69,128.84,51.8,4.7
Zeya,0,RU,1584051768,81,53.75,127.27,-20.69,4.52
Xichang,27,CN,1584051769,93,27.9,102.26,36.01,5.39
Godda,0,IN,1584051770,41,24.83,87.22,75.07,3.69
Soyo,100,AO,1584051771,84,-6.13,12.37,80.65,1.92
Palmeira,31,BR,1584051772,62,-25.43,-50.01,74.17,3.8
Ponta do Sol,40,PT,1584051773,72,32.67,-17.1,62.6,13.87
Champerico,40,GT,1584051774,55,14.3,-91.92,89.6,9.17
Benemérito de las Américas,88,MX,1584051775,48,16.52,-90.64,86.59,3.76
Gbarnga,58,LR,1584051776,87,7.0,-9.47,77.05,3.51
Maumelle,90,US,1584051777,69,34.87,-92.4,75.2,14.99
Moose Factory,90,CA,1584051778,69,51.26,-80.61,35.6,16.11
Grants,90,US,1584051583,41,35.15,-107.85,59.0,5.64
Meulaboh,77,ID,1584051780,68,4.14,96.13,79.93,3.96
Van Wert,75,US,1584051643,62,40.87,-84.58,60.01,6.93
Araure,4,VE,1584051782,60,9.56,-69.21,71.6,6.93
Gemeente Druten,90,NL,1584051784,70,51.88,5.6,45.0,18.34
Torit,97,SS,1584051785,54,4.41,32.57,83.17,2.59
Pevek,100,RU,1584051786,95,69.7,170.31,12.25,3.42
Avera,40,US,1584051787,64,33.19,-82.53,80.6,6.93
Callaway,1,US,1584051788,78,30.15,-85.57,73.4,11.41
Taoudenni,43,ML,1584051789,9,22.68,-3.98,75.79,7.34
Portales,40,US,1584051564,30,34.19,-103.33,72.0,12.75
Thessalon,90,CA,1584051791,93,46.25,-83.57,37.4,12.75
Kruisfontein,76,ZA,1584051792,93,-34.0,24.73,68.59,8.37
Maumere,92,ID,1584051793,75,-8.62,122.21,77.77,3.4
Seoul,75,KR,1584051499,55,37.57,126.98,42.8,6.93
Arrondissement de Bernay,0,FR,1584051796,70,49.17,0.67,42.8,11.41
Buala,100,SB,1584051797,79,-8.14,159.59,78.67,7.29
Kholmy,61,UA,1584051798,77,51.87,32.6,50.95,20.67
Shepsi,0,RU,1584051799,78,44.04,39.15,51.67,6.69
Tessalit,5,ML,1584051800,14,20.2,1.01,70.93,13.2
Asău,43,RO,1584051648,76,46.43,26.4,50.0,11.41
Boguchany,100,RU,1584051802,96,58.38,97.45,23.77,7.2
Mayo,90,US,1584051803,62,38.89,-76.51,60.01,6.93
Romans-sur-Isère,100,FR,1584051805,87,45.05,5.06,55.99,3.36
Bend,1,US,1584051521,11,44.06,-121.32,54.0,4.7
Dabat,14,ET,1584051807,26,12.98,37.77,63.91,7.2
Bilibino,100,RU,1584051710,94,68.05,166.44,1.63,6.42
Ahipara,0,NZ,1584051809,75,-35.17,173.17,65.53,16.15
Opelika,1,US,1584051810,53,32.65,-85.38,80.6,16.11
Keti Bandar,0,PK,1584051811,53,24.14,67.45,72.19,18.48
Rawson,0,AR,1584051812,65,-43.3,-65.1,66.25,19.42
Hirado,100,JP,1584051813,76,33.36,129.55,51.8,9.17
Mikkeli,90,FI,1584051814,94,61.69,27.27,32.0,2.24
Berdigestyakh,100,RU,1584051815,98,62.1,126.7,-6.29,6.53
Atbasar,0,KZ,1584051816,74,51.8,68.33,17.29,7.14
Bauchi,30,NG,1584051817,10,10.5,10.0,70.57,7.0
Salta,40,AR,1584051698,83,-24.79,-65.41,77.0,2.24
Marawi,100,PH,1584051821,88,8.0,124.29,71.01,5.99
Richards Bay,100,ZA,1584051822,77,-28.78,32.04,78.49,4.97
Hauterive,90,FR,1584051823,81,46.09,3.45,51.8,3.36
Chilia Veche,0,RO,1584051824,45,45.42,29.28,48.2,8.05
Taperoá,39,BR,1584051827,72,-7.21,-36.83,78.67,11.72
Fortuna,20,US,1584051828,62,40.6,-124.16,73.0,16.11
Prince Rupert,75,CA,1584051662,86,54.32,-130.32,37.4,6.93
Grindavik,20,IS,1584051830,85,63.84,-22.43,26.6,8.05
Cañon City,1,US,1584051831,29,38.44,-105.24,63.0,17.22
San Quintín,4,MX,1584051832,65,30.48,-115.95,63.37,10.18
Quatre Cocos,75,MU,1584051833,94,-20.21,57.76,79.0,11.81
Bubaque,0,GW,1584051834,73,11.28,-15.83,81.37,14.16
Ladushkin,40,RU,1584051835,75,54.57,20.17,41.0,29.08
Yura,75,PE,1584051836,93,-16.25,-71.68,57.2,3.36
Khani,75,GE,1584051837,93,41.96,42.96,44.6,5.82
St. Pete Beach,1,US,1584051838,34,27.73,-82.74,82.99,3.36
Tambura,19,SS,1584051839,69,5.6,27.47,74.71,5.88
Puerto del Rosario,40,ES,1584051840,88,28.5,-13.86,66.2,11.41
Zhaotong,45,CN,1584051841,86,27.32,103.72,39.97,5.08
Concepción,40,CL,1584051619,68,-36.83,-73.05,69.8,8.05
Jacobina,99,BR,1584051844,72,-11.18,-40.52,75.97,6.11
Barra Patuca,0,HN,1584051845,66,15.8,-84.28,78.67,10.65
Mahuva,0,IN,1584051847,61,21.09,71.76,70.39,15.82
Maceió,40,BR,1584051848,88,-9.67,-35.74,77.0,6.93
Kismayo,100,SO,1584051849,81,-0.36,42.55,82.45,17.31
Sunyani,63,GH,1584051850,65,7.34,-2.33,82.99,7.18
Takaka,2,NZ,1584051851,78,-40.85,172.8,57.07,2.37
Pingdu,100,CN,1584051852,56,36.78,119.95,44.01,8.95
Payao,59,PH,1584051853,95,10.18,122.95,69.49,6.35
Minsk,40,BY,1584051792,75,53.9,27.57,41.0,22.37
Tigil',100,RU,1584051855,86,57.8,158.67,18.73,31.03
Lucea,20,JM,1584051856,74,18.45,-78.17,82.99,14.99
Kuchera,0,IN,1584051857,14,26.98,73.97,60.67,8.52
Novy Urengoy,100,RU,1584051845,95,66.08,76.63,33.13,16.8
Aliwal North,100,ZA,1584051860,81,-30.69,26.71,61.03,16.4
Angoche,27,MZ,1584051572,96,-16.23,39.91,76.87,4.59
Shache,89,CN,1584051862,31,38.42,77.24,42.31,1.41
Nevinnomyssk,8,RU,1584051863,93,44.63,41.95,39.2,6.71
Nioro,0,GM,1584051864,10,13.35,-15.75,87.31,5.73
Shingū,83,JP,1584051865,72,33.73,135.98,51.67,4.92
Port Antonio,40,JM,1584051868,66,18.18,-76.46,84.2,5.82
Kuril'sk,100,RU,1584051870,94,45.23,147.88,31.33,16.22
Ariquemes,100,BR,1584051871,88,-9.91,-63.04,83.17,1.07
Kushima,75,JP,1584051872,76,31.46,131.23,50.0,3.36
Otane,0,NZ,1584051873,67,-39.88,176.63,59.95,2.84
Verkhnyaya Toyma,100,RU,1584051874,95,62.23,45.0,34.21,12.24
Vestmanna,96,FO,1584051875,73,62.16,-7.17,32.0,1.12
Pisco,75,PE,1584051878,30,-13.7,-76.22,75.99,20.8
Agirish,100,RU,1584051879,90,61.92,63.02,39.07,14.97
Shudayag,100,RU,1584051880,98,63.53,53.61,34.21,11.77
Gweta,0,BW,1584051881,54,-20.18,25.23,76.69,7.29
Semnan,91,IR,1584051882,30,35.57,53.4,55.09,3.51
Okhotsk,84,RU,1584051705,76,59.38,143.3,-4.31,10.13
Labuhan,39,ID,1584051885,90,-6.88,112.21,75.07,2.01
Balkhash,100,KZ,1584051886,75,46.84,74.98,20.53,10.4
Aksay,40,RU,1584051887,87,47.26,39.87,43.0,13.42
Baykit,100,RU,1584051888,95,61.67,96.37,11.71,0.78
Tornio,90,FI,1584051890,100,65.85,24.15,30.2,2.24
Puri,20,IN,1584051891,94,19.8,85.85,77.0,5.23
Juan de Ayolas,25,PY,1584051892,21,-27.4,-56.9,100.63,6.71
Yingchuan,84,CN,1584051893,34,34.16,113.46,48.2,13.42
Boyolangu,13,ID,1584051848,93,-8.12,111.89,73.27,3.89
Worland,90,US,1584051750,34,44.02,-107.96,37.99,5.82
Lufilufi,100,WS,1584051896,94,-13.87,-171.6,80.01,16.44
Kitui,100,KE,1584051897,80,-1.37,38.01,70.39,3.53
Gijang,100,KR,1584051898,65,35.24,129.21,42.8,1.12
Clyde River,75,CA,1584051899,74,70.47,-68.59,-22.0,5.82
Pacific Grove,1,US,1584051900,82,36.62,-121.92,75.99,5.82
Eirunepé,99,BR,1584051901,73,-6.66,-69.87,87.49,2.04
Bereda,20,ES,1584051903,76,43.27,-7.54,52.0,8.05
Stolin,58,BY,1584051904,71,51.89,26.85,48.97,19.24
Diré,28,ML,1584051905,10,12.28,-10.97,86.23,5.37
Karlshamn,11,SE,1584051906,80,56.17,14.86,39.2,13.87
Morón,0,AR,1584051907,69,-34.65,-58.62,80.6,8.05
Antofagasta,40,CL,1584051908,68,-23.65,-70.4,71.6,14.99
Sungai Raya,100,ID,1584051909,94,0.7,108.9,74.71,2.75
Kokopo,50,PG,1584051910,77,-4.35,152.26,82.99,17.63
Fredericksburg,90,US,1584051913,82,38.3,-77.46,64.4,5.82
Bolgatanga,0,GH,1584051914,7,10.79,-0.85,83.71,4.54
Galveston,75,US,1584051915,88,29.37,-94.97,82.99,11.41
Kagal'nitskaya,12,RU,1584051916,87,46.88,40.15,43.0,13.0
Nyurba,100,RU,1584051917,95,63.28,118.33,13.15,6.17
Broome,90,US,1584051918,61,42.25,-75.83,54.0,10.29
Macapá,75,BR,1584051919,83,0.04,-51.07,82.4,9.17
Zabaykal'sk,100,RU,1584051922,87,49.63,117.32,13.69,14.94
Forrest City,75,US,1584051796,83,35.01,-90.79,73.0,14.99
Conceição do Castelo,77,BR,1584051924,99,-20.37,-41.24,64.99,3.06
Zapadnaya Dvina,100,RU,1584051926,70,56.26,32.07,39.79,18.52
Englewood,90,US,1584051927,52,39.65,-104.99,51.01,12.75
Bugama,40,NG,1584051918,74,4.73,6.86,84.2,4.7
Alice Springs,0,AU,1584051929,64,-23.7,133.88,69.8,6.93
Karratha,11,AU,1584051930,78,-20.74,116.85,82.81,10.98
Leiyang,100,CN,1584051932,96,26.4,112.86,55.63,5.06
Olafsvik,100,IS,1584051933,76,64.89,-23.71,26.47,17.67
Luba,20,GQ,1584051934,94,3.46,8.55,80.6,2.24
Soe,4,ID,1584051936,90,-9.86,124.28,74.17,3.96
Abilene,90,US,1584051856,36,32.45,-99.73,80.6,8.05
Yaan,90,NG,1584051938,11,7.38,8.57,86.59,2.55
Alofi,75,NU,1584051939,76,-19.06,-169.92,80.6,6.93
Nelson Bay,51,AU,1584051940,88,-32.72,152.15,72.0,6.93
Grimstad,49,NO,1584051941,93,58.34,8.59,39.99,4.7
Nishihara,90,JP,1584051942,93,26.18,127.76,62.6,13.87
Abéché,100,TD,1584051943,16,13.83,20.83,67.51,14.94
Regina,20,CA,1584051722,54,50.45,-104.62,32.0,23.04
Masterton,0,NZ,1584051945,69,-40.96,175.66,64.0,2.68
Shakawe,0,BW,1584051946,74,-18.37,21.85,70.93,4.03
Plettenberg Bay,99,ZA,1584051947,89,-34.05,23.37,67.51,10.11
Ankang,100,CN,1584051948,85,32.68,109.02,52.0,1.01
Dudinka,80,RU,1584051949,69,69.41,86.18,-7.6,15.66
Socorro,90,US,1584051907,55,31.65,-106.3,66.99,3.36
Grand-Lahou,60,CI,1584051952,81,5.14,-5.02,83.89,11.14
Guangzhou,90,CN,1584051858,88,23.12,113.25,73.0,6.71
Zyryanka,100,RU,1584051954,92,65.75,150.85,-18.35,18.48
Pinawa,100,CA,1584051955,88,50.15,-95.88,27.37,13.98
Uíge,1,AO,1584051956,97,-7.61,15.06,68.59,1.57
Camabatela,46,AO,1584051957,96,-8.19,15.38,65.17,4.32
Bobo-Dioulasso,2,BF,1584051958,38,11.18,-4.3,89.6,4.7
Coquimbo,20,CL,1584051959,72,-29.95,-71.34,66.2,12.75
Córdoba,67,AR,1584051953,83,-31.41,-64.18,77.0,6.93
Taywarah,0,AF,1584051908,73,33.35,64.42,23.95,4.18
Hambantota,0,LK,1584051962,100,6.12,81.12,73.4,1.12
Tiksi,96,RU,1584051963,80,71.69,128.87,-20.33,3.06
Esim,100,GH,1584051964,90,4.87,-2.24,79.57,3.2
Ndélé,75,CF,1584051965,13,8.41,20.65,77.05,1.99
Brigantine,90,US,1584051966,79,39.41,-74.36,52.0,8.05
Tezu,0,IN,1584051967,63,27.92,96.17,61.75,2.68
Meridian,1,US,1584051968,25,43.61,-116.39,55.4,6.93
Mandalī,100,IQ,1584051969,30,33.75,45.55,71.29,3.56
Blind River,90,CA,1584051970,93,46.18,-82.96,35.6,12.75
Edson,75,CA,1584051972,57,53.58,-116.44,23.0,16.11
Semīrom,43,IR,1584051973,35,31.42,51.57,40.69,2.91
Port Lincoln,20,AU,1584051751,87,-34.73,135.87,64.45,16.82
Santa Marta,20,CO,1584051975,52,11.24,-74.2,91.4,16.11
Sitka,20,US,1584051976,50,57.05,-135.33,33.8,13.87
Palmerston,20,AU,1584051977,88,-12.49,130.98,82.0,3.36
Ambulu,44,ID,1584051978,80,-8.35,113.61,80.11,6.33
Savelugu,0,GH,1584051981,18,9.62,-0.83,96.85,2.42
Phang Nga,20,TH,1584051982,83,8.45,98.53,78.8,2.24
Nemuro,100,JP,1584051983,74,43.32,145.57,37.63,30.0
Lagoa,0,PT,1584051984,71,39.05,-27.98,59.41,10.04
Cascais,20,PT,1584051985,82,38.7,-9.42,57.2,28.86
St. George's,40,GD,1584051935,69,12.06,-61.75,82.4,18.34
Kandrian,37,PG,1584051987,85,-6.22,149.55,77.77,12.59
Gravdal,90,NO,1584051988,85,68.12,13.5,24.8,5.82
Bagn,100,NO,1584051989,86,60.82,9.55,16.93,4.52
Gorontalo,58,ID,1584051990,95,0.54,123.06,73.99,4.12
Dulce Nombre de Culmí,85,HN,1584051992,80,15.1,-85.53,75.25,3.6
Xinzhi,100,CN,1584051993,44,36.5,111.7,39.43,8.41
Vidim,100,RU,1584051994,93,56.41,103.11,20.53,9.19
Poyarkovo,0,RU,1584051995,82,49.6,128.68,-5.21,9.48
Mindelo,40,CV,1584051996,73,16.89,-24.98,73.4,21.92
Knysna,100,ZA,1584051997,93,-34.04,23.05,64.4,5.82
Anito,1,PH,1584051998,73,12.45,125.29,81.01,13.09
Palmerston North,0,NZ,1584051999,60,-40.35,175.62,64.0,5.99
Cayenne,22,GF,1584052000,65,4.93,-52.33,82.4,9.17
Östersund,20,SE,1584052001,74,63.18,14.64,28.4,19.46
La Libertad,5,EC,1584052002,74,-2.23,-80.9,84.2,6.93
Forsytheganj,87,BY,1584052003,83,52.63,29.73,50.05,22.88
Ayagoz,0,KZ,1584052004,79,47.97,80.44,5.05,1.99
Nara,50,JP,1584052005,86,34.69,135.8,44.6,2.24
Zafra,100,ES,1584052006,67,38.42,-6.42,62.01,3.0
Weyburn,0,CA,1584051918,54,49.67,-103.85,32.0,25.99
Hays,75,US,1584052009,48,30.05,-98.03,86.0,14.99
Qui Nhon,2,VN,1584051893,93,13.77,109.23,68.41,2.39
Labuan,75,MY,1584052012,94,5.28,115.24,78.8,10.16
Adré,53,TD,1584052013,10,13.47,22.2,68.05,10.76
Monze,7,ZM,1584052014,95,-16.28,27.48,65.71,2.77
Katsuura,75,JP,1584052015,76,35.13,140.3,50.0,2.24
Sibut,99,CF,1584052016,90,5.72,19.07,73.09,3.44
Gornopravdinsk,100,RU,1584052018,90,60.05,69.9,34.03,14.16
Inhambane,1,MZ,1584052019,81,-23.86,35.38,77.95,8.97
Örnsköldsvik,100,SE,1584052020,94,63.29,18.72,32.0,12.75
Vimperk,67,CZ,1584052021,80,49.06,13.78,50.0,4.18
